repeticiones,palabra
1,abhorrent
1,abiding
1,abjectly
1,ably
1,abnormal
1,abnormally
1,abominable
1,absolute
1,absolutely
1,abundant
1,abundantly
1,accommodating
1,accommodatingly
1,accurate
1,accurately
1,active
1,acutely
1,adamant
1,adept
1,adequate
1,adoringly
1,adroit
1,advantageous
1,adventurous
1,adventurously
1,aerial
1,aesthetic
1,affable
1,affectionately
1,affirmative
1,affirmatively
1,affluent
1,agitatedly
1,agonizingly
1,agreeably
1,aimlessly
1,airy
1,alert
1,alertly
1,allegedly
1,altruistic
1,amazing
1,ambiguous
1,ambiguously
1,ambitious
1,amenable
1,amenably
1,amicably
1,amoral
1,analogically
1,anathematically
1,angrily
1,animatedly
1,anonymous
1,antagonistic
1,anticipatively
1,anxiously
1,apologetic
1,approving
1,archaic
1,archly
1,ardent
1,arguable
1,arguably
1,artfully
1,articulate
1,articulately
1,artificial
1,ashamedly
1,asinine
1,assenting
1,astonishing
1,ate
1,athletic
1,athletically
1,atrociously
1,attractive
1,audibly
1,aural
1,aurally
1,auspicious
1,austerely
1,avaricious
1,avariciously
1,awful
1,awfully
1,babbled
1,basic
1,bearishly
1,befell
1,began
1,begrudgingly
1,beneficent
1,beneficently
1,beseechingly
1,bestial
1,bet
1,bewitching
1,bewitchingly
1,blanched
1,bland
1,blatant
1,blatantly
1,bleak
1,bled
1,blessedly
1,blindly
1,blissful
1,blithely
1,blushed
1,boisterously
1,bought
1,boundlessly
1,boyish
1,bravely
1,breathless
1,breathlessly
1,breezily
1,broadcast
1,broadly
1,broke
1,brought
1,brusquely
1,bucolic
1,bucolically
1,busted
1,candidly
1,cannily
1,canny
1,capable
1,capital
1,cardinally
1,carelessly
1,carnal
1,carnally
1,categorically
1,cautiously
1,ceaseless
1,celestial
1,celestially
1,censorious
1,ceremonially
1,changed
1,charming
1,charmingly
1,chaste
1,cheerfully
1,childish
1,childishly
1,chromatic
1,chuckled
1,circuitously
1,classic
1,classically
1,clever
1,clinically
1,cliquishly
1,closed
1,cm
1,coaxing
1,coaxingly
1,coincidentally
1,coldly
1,collective
1,comfortable
1,commendable
1,compact
1,compactly
1,compassionate
1,compatible
1,compatibly
1,complacently
1,complete
1,completely
1,comprehensive
1,comprehensively
1,compulsive
1,concentrically
1,conclusive
1,conclusively
1,concretely
1,conductive
1,conductively
1,confident
1,confused
1,confusedly
1,congenial
1,conscientious
1,conscientiously
1,conservative
1,considerably
1,consistently
1,consolingly
1,constitutional
1,constructive
1,contagious
1,contemptible
1,contemptibly
1,continually
1,contrarily
1,contrite
1,contritely
1,contumaciously
1,convenient
1,cooperatively
1,copious
1,coquettish
1,correct
1,correctly
1,cosmetic
1,cost
1,coughed
1,covetous
1,covetously
1,coward
1,cowardly
1,coyly
1,cozily
1,crass
1,craven
1,cravenly
1,crazy
1,creative
1,credible
1,credibly
1,creepily
1,crept
1,criminal
1,crookedly
1,crucially
1,crude
1,cuffed
1,cumulatively
1,cunningly
1,curious
1,curtly
1,curtsied
1,customary
1,cute
1,cynic
1,daintily
1,dainty
1,danced
1,dealt
1,dearly
1,debonair
1,debonairly
1,decided
1,decisive
1,decisively
1,deep
1,deeply
1,definite
1,delicately
1,delightful
1,dependent
1,dependently
1,desirably
1,desolate
1,despicably
1,destructive
1,diabolically
1,dipped
1,dire
1,direly
1,discarded
1,disconsolately
1,disgraceful
1,disgracefully
1,dishonestly
1,dismally
1,distant
1,diverse
1,dogged
1,dolorous
1,domestic
1,domestically
1,dramatically
1,dubiously
1,dull
1,duteous
1,dutiful
1,dutifully
1,dynamically
1,earnestly
1,easy
1,ebullient
1,ebulliently
1,eccentrically
1,ecstatic
1,ecstatically
1,editorial
1,educational
1,effective
1,effectively
1,effortless
1,effortlessly
1,egotistic
1,egotistically
1,elaborate
1,elaborately
1,elegantly
1,eloquent
1,eminent
1,eminently
1,empiric
1,enchanting
1,enchantingly
1,endearingly
1,endless
1,energetic
1,energetically
1,engaging
1,enticingly
1,epidemic
1,erratically
1,erroneous
1,esoterically
1,especial
1,essential
1,ethereally
1,ethic
1,euphemistic
1,evasive
1,evasively
1,evidently
1,evil
1,evilly
1,exactly
1,exaggerated
1,exaggeratedly
1,examined
1,excited
1,excursive
1,exotic
1,expediently
1,expeditious
1,expeditiously
1,experimentally
1,expressly
1,extensive
1,extensively
1,extraordinarily
1,extraordinary
1,extrinsic
1,exuberant
1,exuberantly
1,factious
1,factiously
1,factual
1,factually
1,false
1,falsely
1,faltering
1,familiarly
1,fanatic
1,fanciful
1,fancifully
1,fashionable
1,fastidiously
1,fatal
1,fatally
1,fatefully
1,fatuously
1,favorably
1,fearless
1,feebly
1,feeling
1,festively
1,fetching
1,fetchingly
1,firm
1,fishily
1,fit
1,fixed
1,flabbily
1,flabby
1,flamboyantly
1,flashy
1,flat
1,flattering
1,flaunting
1,fleet
1,flimsily
1,flirtatious
1,flirtatiously
1,floated
1,floppily
1,fluent
1,foolhardily
1,foolish
1,forcefully
1,forecast
1,forthright
1,fortuitous
1,fractious
1,fragrant
1,frail
1,fraternal
1,fraternally
1,free
1,frequent
1,frightening
1,friskily
1,frivolously
1,frowningly
1,fruitfully
1,fruitlessly
1,frustratingly
1,fumblingly
1,fumed
1,furiously
1,fuzzily
1,gaily
1,gallant
1,gallantly
1,game
1,gamely
1,garish
1,garishly
1,gaudy
1,gently
1,giggly
1,glared
1,glibly
1,gloated
1,glum
1,glumly
1,goodhearted
1,gorgeously
1,grabbed
1,grave
1,greedy
1,gregarious
1,grievous
1,grimaced
1,grimy
1,groaned
1,groggy
1,gross
1,ground
1,grumbled
1,guarded
1,guinea
1,gulped
1,gurgled
1,haggard
1,haltered
1,happily
1,happy
1,hardheaded
1,hardheadedly
1,harsh
1,haughtily
1,hazardous
1,hazily
1,healthily
1,healthy
1,heartless
1,hectically
1,heinously
1,helpfully
1,hesitantly
1,highhandedly
1,hilariously
1,honest
1,honorably
1,hopeful
1,horrendously
1,howled
1,huge
1,hugely
1,humane
1,humble
1,husky
1,hypocritical
1,hysteric
1,icy
1,ignorantly
1,illicitly
1,imaginative
1,imitative
1,immaturely
1,immediately
1,immensely
1,immodestly
1,immoral
1,immorally
1,impalpably
1,impassive
1,impatiently
1,impeccable
1,impeccably
1,imperative
1,impious
1,implacable
1,implacably
1,imprecisely
1,improperly
1,inadvertent
1,inanimate
1,inappreciable
1,inaudibly
1,incapably
1,incompetently
1,inconsiderately
1,inconspicuous
1,incredible
1,incredibly
1,indecisively
1,indefatigably
1,indelicate
1,independent
1,indifferent
1,indifferently
1,indiscreetly
1,indisputable
1,ineffective
1,ineptly
1,inescapable
1,inexhaustible
1,infectious
1,inflexible
1,inflexibly
1,infuriatingly
1,ingenuously
1,innocuous
1,insane
1,inset
1,insolently
1,insufferably
1,intense
1,interminably
1,intricately
1,invaluably
1,inverse
1,inversely
1,invidious
1,involuntarily
1,ireful
1,irksomely
1,ironically
1,irresistible
1,irresistibly
1,irritable
1,irritably
1,jaded
1,jauntily
1,jaunty
1,jeering
1,jerkily
1,jerky
1,jokingly
1,jolly
1,jovial
1,jovially
1,joyfully
1,jubilantly
1,judicious
1,judiciously
1,juicily
1,juicy
1,keen
1,kindhearted
1,kissed
1,lackadaisical
1,lackadaisically
1,laggard
1,lame
1,lantern
1,laudable
1,laughed
1,lavish
1,lazily
1,lecherously
1,led
1,lethargically
1,lewdly
1,licentious
1,licentiously
1,lied
1,lightheartedly
1,listlessly
1,livid
1,loving
1,lubber
1,ludicrously
1,luridly
1,luscious
1,lusty
1,luxuriantly
1,lynx
1,magnificently
1,majestic
1,majestically
1,maladroit
1,maliciously
1,manifest
1,mannish
1,markedly
1,marvelously
1,masterfully
1,mature
1,maturely
1,meek
1,mellifluous
1,melodiously
1,memorable
1,menial
1,menially
1,meretricious
1,meretriciously
1,merry
1,messily
1,metaphoric
1,methodic
1,methodically
1,meticulously
1,mighty
1,militantly
1,mindfully
1,minute
1,miraculous
1,mischievously
1,mistaken
1,mockingly
1,momentous
1,momentously
1,monkey
1,monogamous
1,monumental
1,moody
1,moral
1,moronic
1,moronically
1,mumbled
1,mundane
1,mundanely
1,musically
1,mysteriously
1,narrow
1,narrowly
1,naturally
1,nauseatingly
1,neatly
1,needless
1,nefarious
1,negatively
1,neglectfully
1,nervelessly
1,neurotic
1,neutral
1,neutrally
1,nimble
1,nimbly
1,nobly
1,noisy
1,nonchalant
1,nonsensically
1,normal
1,nosily
1,nosy
1,notable
1,noticeable
1,notorious
1,numb
1,oafish
1,objective
1,obsessively
1,occasional
1,opaque
1,outgrew
1,outrageous
1,outran
1,outsold
1,overdid
1,overlaid
1,overrode
1,packed
1,painfully
1,palpable
1,partook
1,passably
1,patiently
1,peaceful
1,peculiar
1,perceptible
1,perceptibly
1,perilous
1,permissive
1,pertly
1,perversely
1,pessimistic
1,pessimistically
1,petted
1,petulant
1,physic
1,picked
1,pinched
1,piquant
1,pitifully
1,placid
1,plain
1,plainly
1,playfully
1,pleasantly
1,plentifully
1,poetic
1,poignant
1,poignantly
1,poked
1,popular
1,popularly
1,portentous
1,portentously
1,pounded
1,pouting
1,poutingly
1,powerlessly
1,practical
1,precociously
1,preset
1,prim
1,prissily
1,private
1,privately
1,prodigious
1,proper
1,properly
1,prosperously
1,proud
1,provident
1,publicly
1,pulled
1,punctilious
1,punctiliously
1,pungent
1,punitive
1,put
1,quaint
1,qualitative
1,queerly
1,querulously
1,quiet
1,quietly
1,ragingly
1,rampantly
1,randomly
1,rank
1,rankly
1,rapt
1,rational
1,raucously
1,raunchily
1,ravenous
1,realistically
1,rebound
1,rebuilt
1,reciprocating
1,redoubtable
1,redoubtably
1,regally
1,reined
1,relentless
1,religious
1,religiously
1,remarkably
1,remotely
1,removed
1,repaid
1,reprehensively
1,reproachfully
1,repulsive
1,repusively
1,resentful
1,resigned
1,resolute
1,resolutely
1,respectful
1,resplendently
1,revealed
1,reverently
1,ridiculous
1,rigid
1,rigidly
1,rigorously
1,robustly
1,rudely
1,rugged
1,ruthless
1,sad
1,safely
1,salacious
1,saliently
1,sanctimonious
1,sane
1,sardonically
1,satisfactorily
1,saucily
1,scandalous
1,scandalously
1,scantly
1,scooped
1,secure
1,sedulously
1,selfconscious
1,selfishly
1,selfless
1,sensationally
1,sensitive
1,sensually
1,sentimental
1,serene
1,serious
1,seriously
1,severely
1,sexily
1,sexual
1,shaky
1,shamefully
1,sharply
1,sheepish
1,shoddy
1,shook
1,shortsighted
1,shortsightedly
1,showily
1,shrank
1,sighed
1,significantly
1,silent
1,sincerely
1,skeptic
1,slack
1,slackly
1,slavish
1,slavishly
1,sleazily
1,sleek
1,slight
1,slovene
1,slovenly
1,slowly
1,slyly
1,smelled
1,smirked
1,smooched
1,smooth
1,smugly
1,snootily
1,snuffed
1,sobbing
1,sociable
1,soggy
1,solemn
1,solicitous
1,soothing
1,sordidly
1,sorely
1,sorrowful
1,soulful
1,soulfully
1,soundly
1,sourly
1,spaciously
1,sparing
1,spat
1,spiteful
1,spitefully
1,splashed
1,spoiled
1,spontaneous
1,sporadic
1,spryly
1,spurious
1,square
1,squarely
1,staid
1,starkly
1,statically
1,steadily
1,stern
1,sternly
1,stiff
1,stiffly
1,stoic
1,stolid
1,stolidly
1,stormy
1,strict
1,stridently
1,stringent
1,stringently
1,strived
1,strong
1,stubbornly
1,stunningly
1,stylistic
1,suavely
1,subconscious
1,submissively
1,subversively
1,sudden
1,suggestive
1,sullen
1,superbly
1,supply
1,supportively
1,surely
1,surreptitiously
1,swanky
1,swelled
1,sympathetic
1,tacit
1,tacitly
1,tactfully
1,talkatively
1,tamely
1,taped
1,tart
1,taunting
1,teasingly
1,tedious
1,tediously
1,telepathic
1,telepathically
1,tenacious
1,tendentious
1,tentative
1,tepidly
1,testy
1,thankful
1,thickly
1,thirsty
1,thought
1,thoughtfully
1,thrust
1,tidy
1,tight
1,tightly
1,timorously
1,tolerant
1,tonal
1,toneless
1,tore
1,tough
1,toughly
1,tragic
1,tragically
1,tremendous
1,trim
1,trimly
1,truly
1,trying
1,turgid
1,tyrannical
1,tyrannically
1,unanimous
1,unbearable
1,unbearably
1,unblushing
1,unblushingly
1,underlay
1,understandable
1,uneasily
1,unerringly
1,unexpected
1,unexplainably
1,ungraceful
1,unimaginative
1,uninspiring
1,unintelligible
1,uniquely
1,unproductive
1,unreceptive
1,unsafe
1,unscrupulously
1,unselfishly
1,unsociable
1,unspeakably
1,unstinting
1,unthinking
1,unthinkingly
1,untiringly
1,untruthfully
1,unwitting
1,upset
1,urgent
1,useful
1,usefully
1,useless
1,uselessly
1,vacuous
1,vaguely
1,vain
1,variously
1,vengeful
1,vigorous
1,virtuous
1,visceral
1,viscerally
1,vivacious
1,vivaciously
1,vociferously
1,vulgar
1,wanly
1,wantonly
1,wastefully
1,watchful
1,wayward
1,weak
1,wedded
1,weird
1,whispered
1,wholesomely
1,winningly
1,winsomely
1,wiped
1,wishful
1,wistfully
1,witlessly
1,wobbled
1,wonderful
1,wore
1,wry
1,zealous
2,abashed
2,abhorrently
2,abominably
2,abrasively
2,abruptly
2,absently
2,activated
2,added
2,advantageously
2,aimless
2,airily
2,alarming
2,aloof
2,ambitiously
2,anagogic
2,anathematic
2,angelic
2,anteater
2,anticipative
2,appalling
2,apt
2,aptly
2,arbitrary
2,archaically
2,aristocratically
2,arousing
2,arrogant
2,artistically
2,asininely
2,audible
2,auspiciously
2,austere
2,avoidably
2,awkward
2,awkwardly
2,badly
2,baleful
2,banally
2,barbarously
2,bashfully
2,bawdily
2,beamed
2,beat
2,beauteous
2,became
2,bid
2,blameless
2,blandly
2,blank
2,blind
2,blissfully
2,blunt
2,boisterous
2,bound
2,boundless
2,bowed
2,boyishly
2,brave
2,brilliant
2,broken
2,brokenly
2,built
2,buoyantly
2,burst
2,busily
2,cagily
2,cagy
2,callously
2,cantankerous
2,cattily
2,catty
2,ceaselessly
2,certainly
2,characteristically
2,circuitous
2,clinic
2,clumsily
2,coasted
2,cockily
2,cogently
2,coincidental
2,cold
2,combed
2,commendably
2,comparable
2,compositely
2,concentric
2,concise
2,concomitantly
2,conditionally
2,confessed
2,congratulated
2,conjointly
2,connected
2,considerable
2,conspicuously
2,constructively
2,cracked
2,creepy
2,cringed
2,crucial
2,curt
2,dangerously
2,dark
2,dazedly
2,deceiving
2,deceivingly
2,delightfully
2,demonstrably
2,derisive
2,derisively
2,deservedly
2,desirable
2,desolately
2,desperately
2,despicable
2,destructively
2,devilishly
2,devoted
2,diplomatic
2,diplomatically
2,directed
2,dismal
2,dispassionate
2,distinct
2,dived
2,divisive
2,dizzily
2,dominant
2,doubtfully
2,drank
2,dreamed
2,droll
2,drunkenly
2,dryly
2,dubious
2,effusive
2,elusive
2,elusively
2,embarrassingly
2,emotional
2,endearing
2,endlessly
2,enormously
2,erect
2,erratic
2,eternally
2,exclusive
2,execrably
2,expansively
2,explicit
2,facetiously
2,faithful
2,fallacious
2,fallible
2,fantastic
2,faulty
2,fearlessly
2,feeble
2,fell
2,festive
2,feverish
2,feverishly
2,fiendishly
2,fittingly
2,flashily
2,flawless
2,flawlessly
2,flew
2,flexed
2,flippantly
2,fluid
2,flung
2,fondly
2,foolhardy
2,foresaw
2,foretold
2,forsook
2,forwardly
2,fought
2,foully
2,fraudulently
2,freely
2,frenetic
2,frequently
2,fresh
2,freshly
2,frowned
2,froze
2,funny
2,furious
2,fussily
2,garrulously
2,gauche
2,gawky
2,generously
2,gent
2,giggled
2,gladly
2,glanced
2,glib
2,gnashed
2,goat
2,gratefully
2,greedily
2,grew
2,groggily
2,grotesquely
2,grudging
2,guffawed
2,guiltily
2,haphazard
2,harmfully
2,harshly
2,hatchet
2,hazardously
2,hazy
2,hectic
2,hedgehog
2,heedlessly
2,hesitant
2,hiccupped
2,hippopotamus
2,honestly
2,hooted
2,horrendous
2,hotly
2,hummed
2,humorous
2,humorously
2,hypnotically
2,icily
2,idiotic
2,illicit
2,illustratively
2,imaginatively
2,immeasurably
2,immense
2,imminent
2,imminently
2,impartial
2,impartially
2,impatient
2,impertinently
2,imprecise
2,impressively
2,improper
2,inarticulate
2,indecent
2,indecisive
2,independently
2,indirectly
2,indiscreet
2,indistinctly
2,ineffectively
2,inept
2,informal
2,informally
2,innocently
2,insincere
2,insufferable
2,intrepidly
2,intuitive
2,intuitively
2,inventoried
2,invoked
2,ironic
2,jadedly
2,jeeringly
2,jocosely
2,keenly
2,knitted
2,laboriously
2,lamely
2,learned
2,legitimate
2,lenient
2,lethargic
2,listless
2,loaded
2,loosely
2,lopsidedly
2,loud
2,loudly
2,loyal
2,lugubriously
2,luxuriant
2,mad
2,manfully
2,mannishly
2,masochistically
2,massive
2,massively
2,mastodon
2,maternal
2,matteroffact
2,meager
2,melodious
2,menacingly
2,mercifully
2,met
2,metaphorically
2,mildly
2,minimal
2,miser
2,misheard
2,mislaid
2,mistook
2,moist
2,morbid
2,naively
2,nakedly
2,nasty
2,naughty
2,necessarily
2,nerveless
2,neurotically
2,nicely
2,noble
2,noiseless
2,numbly
2,oafishly
2,obdurately
2,obediently
2,obliquely
2,obscure
2,obsessive
2,oppressive
2,outbid
2,overcast
2,overheard
2,overpaid
2,overran
2,overshot
2,overslept
2,overthrew
2,oyster
2,paid
2,peevish
2,perfect
2,perfectly
2,pernicious
2,persistent
2,persistently
2,pert
2,peskily
2,petulantly
2,pious
2,piously
2,played
2,playful
2,ponderous
2,positive
2,possessive
2,poured
2,pouted
2,pragmatic
2,precarious
2,precocious
2,primly
2,prosperous
2,prudently
2,puerile
2,puerilely
2,purely
2,quickly
2,quit
2,racily
2,radiantly
2,radically
2,raffish
2,rakishly
2,rampant
2,raptly
2,rash
2,raunchy
2,ravingly
2,ready
2,recast
2,recklessly
2,redhanded
2,redhandedly
2,regretful
2,relaid
2,reliably
2,repeatedly
2,reran
2,resentfully
2,reserved
2,rethought
2,rewrote
2,rhythmic
2,rhythmically
2,ripe
2,rode
2,rolled
2,romantic
2,ruggedly
2,saddled
2,salaciously
2,sang
2,sat
2,saw
2,scornfully
2,scurrilous
2,scurrilously
2,sedulous
2,selfconsciously
2,sensitively
2,sent
2,sentimentally
2,serenely
2,set
2,sewed
2,sexually
2,sexy
2,shameful
2,sheepishly
2,shrewdly
2,silently
2,simple
2,sincere
2,singleminded
2,skillfully
2,slickly
2,slightly
2,slung
2,smart
2,smoothly
2,snarling
2,snug
2,sobbed
2,sober
2,sociably
2,softly
2,somberly
2,sorrowfully
2,sought
2,sour
2,spacious
2,specially
2,splendidly
2,split
2,spuriously
2,squinted
2,staidly
2,stark
2,static
2,staunch
2,staunchly
2,steadfastly
2,stood
2,strenuous
2,strenuously
2,strewed
2,strongly
2,strove
2,struck
2,stuck
2,studied
2,stung
2,subconsciously
2,subtle
2,successful
2,suddenly
2,sulkily
2,supportive
2,suspicious
2,swankily
2,swung
2,tacky
2,tactful
2,talkative
2,tarantula
2,tartly
2,tastefully
2,tauntingly
2,tearfully
2,tense
2,tentatively
2,tepid
2,thick
2,thirstily
2,thoughtful
2,tirelessly
2,told
2,took
2,touched
2,trustful
2,turgidly
2,unaccountably
2,unavoidable
2,understandably
2,uneasy
2,unequivocally
2,unerring
2,unhopeful
2,unihibitedly
2,uninspiringly
2,unkind
2,unsafely
2,unsociably
2,unsuccessfully
2,vacuously
2,vehement
2,vehemently
2,vibrantly
2,victorious
2,vigilant
2,vigilantly
2,violent
2,virtuously
2,vivid
2,voally
2,wailed
2,walked
2,was
2,waved
2,wearisome
2,weirdly
2,wept
2,whimpered
2,whimsically
2,wholehearted
2,whooped
2,wicked
2,wickedly
2,willful
2,winced
2,wise
2,witless
2,witty
2,woeful
2,woodchuck
2,worm
2,wrung
2,youthfully
3,absentmindedly
3,abysmal
3,academic
3,angry
3,annoying
3,arose
3,awesome
3,awesomely
3,balked
3,basically
3,blew
3,boomed
3,bred
3,browbeat
3,came
3,cast
3,cautious
3,censoriously
3,ceremonial
3,chortled
3,clapped
3,cocky
3,cogent
3,concrete
3,conic
3,consoled
3,continual
3,copiously
3,courteously
3,cuddled
3,cutting
3,darkly
3,dauntless
3,diabolic
3,did
3,disagreed
3,disbanded
3,disrespectful
3,drew
3,drooled
3,drove
3,ducked
3,dully
3,editorially
3,embarrassing
3,emphatically
3,erotically
3,evenly
3,exorbitantly
3,falcon
3,fawningly
3,ferocious
3,fidgeted
3,filled
3,fired
3,fitting
3,flailed
3,flapped
3,flipped
3,flirted
3,fluidly
3,folded
3,followed
3,forbidding
3,forewent
3,forgot
3,found
3,fox
3,frisky
3,frog
3,frugally
3,frustrating
3,gagged
3,gave
3,gazed
3,gibbered
3,gravely
3,greyhound
3,grievously
3,growled
3,grudgingly
3,had
3,halfhearted
3,hardy
3,hare
3,hid
3,hugged
3,hung
3,hurt
3,hyena
3,ignorant
3,incapable
3,incessant
3,inconspicuously
3,inoffensive
3,inoffensively
3,input
3,instantaneously
3,intricate
3,jay
3,juggled
3,kept
3,knelt
3,knew
3,laughing
3,leapt
3,limp
3,macaw
3,made
3,manatee
3,manifestly
3,misread
3,misspelled
3,misunderstood
3,moaned
3,monumentally
3,mowed
3,muttered
3,mysterious
3,nodded
3,objectively
3,opened
3,ordered
3,outdid
3,overcame
3,overdrew
3,overlay
3,overtook
3,panda
3,paternal
3,pathetically
3,patted
3,peered
3,physically
3,placidly
3,plankton
3,pleasant
3,polite
3,pompously
3,porcupine
3,powerless
3,precisely
3,proofread
3,pungently
3,quail
3,querulous
3,radical
3,ran
3,rapidly
3,read
3,readily
3,rebuking
3,reindeer
3,remade
3,repeated
3,resold
3,respectfully
3,rewound
3,rid
3,ruthlessly
3,sadistic
3,satanic
3,scowled
3,scratched
3,seagull
3,shined
3,shoddily
3,shot
3,shrugged
3,shuffled
3,slapped
3,slew
3,slid
3,slow
3,smilingly
3,smoked
3,snapped
3,sneered
3,special
3,sped
3,spelled
3,spent
3,spilled
3,spoke
3,spoonfed
3,stank
3,stingy
3,stole
3,stoutly
3,strode
3,strung
3,submissive
3,swam
3,swept
3,tackily
3,taught
3,tendentiously
3,terrible
3,tersely
3,thinly
3,threw
3,trite
3,trod
3,turbulently
3,twitched
3,underwrote
3,unexplainable
3,unjustifiably
3,unscrupulous
3,unsuccessful
3,unwillingly
3,upheld
3,valiantly
3,wallaby
3,walrus
3,weakly
3,whistled
3,wolf
3,wrote
3,zebra
4,abject
4,acceptably
4,adjusted
4,antelope
4,atrocious
4,authentically
4,bawled
4,beheld
4,belligerent
4,belligerently
4,bent
4,bore
4,bounced
4,buffalo
4,burped
4,cackled
4,capriciously
4,capybara
4,cardinal
4,caught
4,cavalier
4,checked
4,cheered
4,climbed
4,cobra
4,contemplated
4,copied
4,cowered
4,cried
4,dalmatian
4,dismounted
4,doused
4,dropped
4,dug
4,duteously
4,emoted
4,excluding
4,excursively
4,exited
4,explicitly
4,fed
4,felt
4,ferret
4,firmly
4,fitted
4,flustered
4,forbade
4,gerbil
4,glowered
4,gnu
4,goose
4,grinned
4,groomed
4,grouped
4,haphazardly
4,harmful
4,heard
4,honey
4,iguanodon
4,incongruously
4,interbred
4,interwove
4,kneeled
4,komodo
4,laxly
4,leered
4,left
4,lemming
4,lent
4,leopard
4,let
4,lighted
4,lobster
4,mallard
4,mandrill
4,marked
4,meadowlark
4,misled
4,moth
4,mounted
4,nutria
4,octopus
4,oriole
4,overate
4,overhung
4,oversaw
4,pangolin
4,panther
4,pesky
4,piranha
4,placed
4,poetically
4,pointed
4,pushed
4,radiant
4,redid
4,regarding
4,returned
4,rose
4,sank
4,sheared
4,shed
4,shivered
4,showed
4,shuddered
4,slit
4,smiled
4,snarlingly
4,snickered
4,sniffed
4,spluttered
4,sprang
4,spread
4,squid
4,stopped
4,supreme
4,tamarin
4,tangibly
4,tapir
4,tortoise
4,trenchantly
4,tritely
4,turned
4,unbridled
4,unceremoniously
4,undid
4,unicorn
4,unwound
4,urchin
4,vulnerably
4,winsome
4,withdrew
4,woefully
4,wolverine
4,won
4,wound
4,yawned
5,amidst
5,beaver
5,bird
5,cat
5,cockatoo
5,cursed
5,customarily
5,dog
5,dolphin
5,eagle
5,eel
5,firefly
5,fulsome
5,gecko
5,goldfinch
5,goldfish
5,grasshopper
5,grunted
5,hit
5,insect
5,kookaburra
5,krill
5,lion
5,lizard
5,llama
5,logic
5,mammoth
5,manta
5,mongoose
5,ocelot
5,orca
5,ostrich
5,owl
5,penguin
5,preparatory
5,purred
5,python
5,rabbit
5,rubbed
5,said
5,salamander
5,salmon
5,scallop
5,sheep
5,sloth
5,sniffled
5,snorted
5,stretched
5,swore
5,terrier
5,thanks
5,trout
5,turtle
5,uncritical
5,unlocked
5,warthog
5,wasp
5,went
5,whale
5,winked
6,amongst
6,around
6,awakened
6,badger
6,bandicoot
6,bee
6,beyond
6,blinked
6,cassowary
6,chose
6,cut
6,dachshund
6,dragonfly
6,earthworm
6,egret
6,flamingo
6,flinched
6,globefish
6,got
6,gull
6,house
6,iguana
6,impala
6,jaguar
6,kiwi
6,labrador
6,limpet
6,lost
6,nightingale
6,oversold
6,pill
6,pled
6,proved
6,quetzal
6,robin
6,saluted
6,shut
6,squirrel
6,stared
6,understood
6,unsaddled
6,wetted
6,woolly
6,wove
6,yellow
7,aardvark
7,angelfish
7,apart
7,ape
7,armadillo
7,boa
7,camel
7,caribou
7,caterpillar
7,cow
7,crab
7,echidna
7,emu
7,fled
7,forward
7,giraffe
7,hamster
7,human
7,hummingbird
7,locked
7,lorikeet
7,notwithstanding
7,otter
7,out
7,raccoon
7,rat
7,rhinoceros
7,rooster
7,tiger
7,toucan
7,vulture
7,waked
7,walking
7,weasel
8,bat
8,below
8,between
8,chameleon
8,deer
8,elephant
8,fish
8,grizzly
8,hawk
8,hen
8,horse
8,hound
8,including
8,jellyfish
8,kangaroo
8,manofwar
8,naked
8,opossum
8,parrot
8,rattlesnake
8,reset
8,roadrunner
8,seal
8,toward
8,under
8,underneath
8,unlike
8,versus
8,without
8,wombat
9,astride
9,at
9,baboon
9,black
9,bluebird
9,gazelle
9,groundhog
9,lemur
9,past
9,porpoise
9,shark
9,wildebeest
9,within
9,woodpecker
10,about
10,ahead
10,away
10,behind
10,considering
10,contrary
10,crane
10,cuckoo
10,depending
10,excepting
10,following
10,from
10,gorilla
10,heron
10,into
10,koala
10,newt
10,scorpion
10,through
10,via
10,with
11,according
11,amid
11,bald
11,barring
11,circa
11,dove
11,off
11,over
11,owing
11,together
12,alongside
12,due
12,during
12,instead
12,ladybug
12,onto
12,pending
12,to
13,aboard
13,above
13,among
13,aside
14,beside
14,for
15,despite
15,irrespective
15,like
15,near
15,next
15,upon
16,against
16,beneath
16,by
16,close
16,towards
17,across
17,other
17,regardless
18,besides
18,inside
18,opposite
18,prior
24,hence
24,outside
24,while
25,along
28,save
33,where
34,on
35,but
37,however
38,thus
39,when
41,before
41,wherever
42,then
42,therefore
42,yet
43,because
44,up
46,or
47,since
49,after
54,until
63,ouch
64,wow
65,crud
66,as
69,in
69,jeez
70,darn
70,jeepers
72,dear
73,gosh
74,alas
76,hey
76,yikes
77,hello
80,so
83,well
93,oh
94,goodness
158,that
165,some
170,this
182,one
186,more
191,the
193,a
196,less
361,and
378,much
383,far
